man flu,53.72940445,-1.682883024,1354416660,12/1/2012 2:51
man flu,52.24047852,-0.902656019,1354417259,12/1/2012 3:00
man flu,53.35219955,-2.979875088,1354417259,12/1/2012 3:00
man flu,53.19339371,-2.893074989,1354420853,12/1/2012 4:00
man flu,52.4068222,-1.519693017,1354420853,12/1/2012 4:00
man flu,53.47925186,-2.247925997,1354420853,12/1/2012 4:00
man flu,53.40837097,-2.991572618,1354420853,12/1/2012 4:00
man flu,51.37616348,-0.098233998,1354424456,12/1/2012 5:00
man flu,51.37616348,-0.098233998,1354424456,12/1/2012 5:00
man flu,54.58621216,-5.932069302,1354424456,12/1/2012 5:00
man flu,51.50520325,-0.106862903,1354424456,12/1/2012 5:00
man flu,51.50733566,-0.127683103,1354424456,12/1/2012 5:00
man flu,51.65699005,-3.80547595,1354428055,12/1/2012 6:00
man flu,52.38859558,-2.249683857,1354428055,12/1/2012 6:00
man flu,56.49067307,-4.202645779,1354430453,12/1/2012 6:40
man flu,51.50120163,-0.093340002,1354438257,12/1/2012 8:50
man flu,51.50733566,-0.127683103,1354456260,12/1/2012 13:51
man flu,53.60503769,-0.662048221,1354456861,12/1/2012 14:01
man flu,57.14971542,-2.094278097,1354456861,12/1/2012 14:01
man flu,51.48158264,-3.179090023,1354456861,12/1/2012 14:01
man flu,52.135952,-0.466615886,1354456861,12/1/2012 14:01
man flu,53.41773987,-2.230519056,1354456861,12/1/2012 14:01
man flu,53.38113022,-1.470085025,1354456861,12/1/2012 14:01
man flu,53.75199127,-1.672356606,1354460459,12/1/2012 15:00
man flu,52.77209854,-1.206166029,1354463460,12/1/2012 15:51
man flu,51.76590729,0.667366505,1354470663,12/1/2012 17:51
man flu,52.10157394,-4.61111784,1354470663,12/1/2012 17:51
man flu,52.48113632,1.753448963,1354485057,12/1/2012 21:50
man flu,51.26014328,0.844280183,1354489260,12/1/2012 23:01
man flu,53.9690094,-2.627690792,1354507253,12/2/2012 4:00
man flu,55.04639053,-1.451298952,1354507253,12/2/2012 4:00
man flu,50.89604187,-1.39378953,1354507253,12/2/2012 4:00
man flu,50.78356552,-1.085559011,1354510853,12/2/2012 5:00
man flu,52.35551834,-1.174319744,1354510853,12/2/2012 5:00
man flu,52.4862442,-1.890401006,1354510853,12/2/2012 5:00
man flu,53.80127716,-1.548567057,1354510853,12/2/2012 5:00
man flu,54.21704865,-5.890399933,1354510853,12/2/2012 5:00
man flu,52.58697128,-2.128819942,1354510853,12/2/2012 5:00
man flu,52.20533752,0.121817,1354510853,12/2/2012 5:00
man flu,51.48060989,0.001215,1354510853,12/2/2012 5:00
man flu,52.30051041,-0.06825,1354513251,12/2/2012 5:40
man flu,52.70693588,-2.752722025,1354521652,12/2/2012 8:00
man flu,51.50733566,-0.127683103,1354521652,12/2/2012 8:00
man flu,51.4942894,-0.268694013,1354525255,12/2/2012 9:00
man flu,51.50733566,-0.127683103,1354528860,12/2/2012 10:01
man flu,54.6156044,-1.053212047,1354532461,12/2/2012 11:01
man flu,51.76590729,0.667366505,1354545665,12/2/2012 14:41
man flu,53.78939819,-2.255002975,1354546264,12/2/2012 14:51
man flu,51.1586113,-1.740278006,1354549864,12/2/2012 15:51
man flu,51.60044861,0.646391511,1354549864,12/2/2012 15:51
man flu,51.50733566,-0.127683103,1354557060,12/2/2012 17:51
man flu,51.54585266,-0.059604999,1354596651,12/3/2012 4:50
man flu,51.28023148,1.07890892,1354597253,12/3/2012 5:00
man flu,51.87570953,-4.939193249,1354597253,12/3/2012 5:00
man flu,55.86423874,-4.251805782,1354597253,12/3/2012 5:00
man flu,52.95478439,-1.158108592,1354600252,12/3/2012 5:50
man flu,51.6267662,-0.057943001,1354600252,12/3/2012 5:50
man flu,53.96229172,-1.081899524,1354600851,12/3/2012 6:00
man flu,53.36102295,-2.733637095,1354603854,12/3/2012 6:50
man flu,53.40675354,-2.15884304,1354603854,12/3/2012 6:50
man flu,53.58444214,-2.428618908,1354603854,12/3/2012 6:50
man flu,51.51490402,-0.147503898,1354603854,12/3/2012 6:50
man flu,51.26014328,0.844280183,1354603854,12/3/2012 6:50
man flu,53.41291046,-8.243889809,1354608056,12/3/2012 8:00
man flu,52.89984512,-1.284836411,1354608056,12/3/2012 8:00
man flu,51.5886116,0.082397603,1354614661,12/3/2012 9:51
man flu,51.62861252,-0.748229027,1354618263,12/3/2012 10:51
man flu,52.19304657,-2.225263119,1354621872,12/3/2012 11:51
man flu,56.20084381,-3.159859896,1354629070,12/3/2012 13:51
man flu,55.79333496,-4.867278099,1354636272,12/3/2012 15:51
man flu,51.35742569,-2.200012684,1354664462,12/3/2012 23:41
man flu,52.35551834,-1.174319744,1354672858,12/4/2012 2:00
man flu,53.47925186,-2.247925997,1354673456,12/4/2012 2:10
man flu,51.4942894,-0.268694013,1354674657,12/4/2012 2:30
man flu,51.46637344,-2.589379072,1354677056,12/4/2012 3:10
man flu,52.52048874,-1.46538198,1354680053,12/4/2012 4:00
man flu,54.71512985,-1.743545055,1354680053,12/4/2012 4:00
man flu,52.4068222,-1.519693017,1354680053,12/4/2012 4:00
man flu,52.17927551,-0.711408019,1354682452,12/4/2012 4:40
man flu,54.71512985,-1.743545055,1354683052,12/4/2012 4:50
man flu,51.45451355,-2.587909937,1354683650,12/4/2012 5:00
man flu,52.94428253,-1.140013695,1354683650,12/4/2012 5:00
man flu,53.2705574,-9.056667328,1354683650,12/4/2012 5:00
man flu,51.50733566,-0.127683103,1354683650,12/4/2012 5:00
man flu,53.74567032,-0.336741298,1354687253,12/4/2012 6:00
man flu,51.45451355,-2.587909937,1354687253,12/4/2012 6:00
man flu,54.69174576,-1.21292603,1354687253,12/4/2012 6:00
man flu,51.50733566,-0.127683103,1354687253,12/4/2012 6:00
man flu,51.6232338,-3.906876087,1354687253,12/4/2012 6:00
man flu,51.15374756,-0.321090013,1354690257,12/4/2012 6:50
man flu,50.77721405,-3.999460936,1354690257,12/4/2012 6:50
man flu,55.89800644,-4.15024662,1354694460,12/4/2012 8:01
man flu,51.71615219,-3.451816082,1354694460,12/4/2012 8:01
man flu,51.50733566,-0.127683103,1354694460,12/4/2012 8:01
man flu,54.57422638,-1.234956026,1354697461,12/4/2012 8:51
man flu,54.97825241,-1.61777997,1354704066,12/4/2012 10:41
man flu,54.61598969,-1.575577021,1354708267,12/4/2012 11:51
man flu,51.53733826,-0.24955,1354715465,12/4/2012 13:51
man flu,53.40837097,-2.991572618,1354715465,12/4/2012 13:51
man flu,50.81666565,-1.083333254,1354719066,12/4/2012 14:51
man flu,51.05870056,-2.949906588,1354722667,12/4/2012 15:51
man flu,52.4862442,-1.890401006,1354722667,12/4/2012 15:51
man flu,53.48333359,-2.229722023,1354722667,12/4/2012 15:51
man flu,52.4905777,-0.683783889,1354722667,12/4/2012 15:51
man flu,53.38113022,-1.470085025,1354722667,12/4/2012 15:51
man flu,51.50733566,-0.127683103,1354722667,12/4/2012 15:51
man flu,51.50733566,-0.127683103,1354726267,12/4/2012 16:51
man flu,52.13066101,-3.783711672,1354726267,12/4/2012 16:51
man flu,55.84725952,-4.440114021,1354729870,12/4/2012 17:51
man flu,50.78787613,-1.092707992,1354757201,12/5/2012 1:26
man flu,53.80127716,-1.548567057,1354759260,12/5/2012 2:01
man flu,51.50733566,-0.127683103,1354759260,12/5/2012 2:01
man flu,51.68161392,-3.37314105,1354759260,12/5/2012 2:01
man flu,51.50733566,-0.127683103,1354766453,12/5/2012 4:00
man flu,54.04657364,-2.800740004,1354770053,12/5/2012 5:00
man flu,54.97825241,-1.61777997,1354770053,12/5/2012 5:00
man flu,54.5692482,-1.212913871,1354770053,12/5/2012 5:00
man flu,55.61471939,-4.498792171,1354770053,12/5/2012 5:00
man flu,51.48099518,-0.0037757,1354770053,12/5/2012 5:00
man flu,51.50733566,-0.127683103,1354770053,12/5/2012 5:00
man flu,53.80127716,-1.548567057,1354770053,12/5/2012 5:00
man flu,53.47925186,-2.247925997,1354770053,12/5/2012 5:00
man flu,52.48113632,1.753448963,1354770053,12/5/2012 5:00
man flu,52.41530228,-4.082920074,1354770053,12/5/2012 5:00
man flu,54.57723236,-2.797483444,1354773654,12/5/2012 6:00
man flu,52.27619171,0.096537501,1354773654,12/5/2012 6:00
man flu,51.53953171,-0.579082012,1354779057,12/5/2012 7:30
man flu,53.54544067,-2.63747406,1354786863,12/5/2012 9:41
man flu,51.75564957,-0.320151001,1354789264,12/5/2012 10:21
man flu,55.01349258,-7.295988083,1354789866,12/5/2012 10:31
man flu,52.4862442,-1.890401006,1354791066,12/5/2012 10:51
man flu,56.49067307,-4.202645779,1354794667,12/5/2012 11:51
man flu,50.7191658,-1.880769014,1354798275,12/5/2012 12:51
man flu,51.49632263,-0.183443099,1354800674,12/5/2012 13:31
man flu,53.84387207,-2.13803196,1354801866,12/5/2012 13:51
man flu,51.54592514,0.707712293,1354812670,12/5/2012 16:51
man flu,52.22809601,-0.271521509,1354812670,12/5/2012 16:51
man flu,53.00842285,-6.306511879,1354815674,12/5/2012 17:41
man flu,52.4862442,-1.890401006,1354849258,12/6/2012 3:00
man flu,52.66856003,-1.095945001,1354852855,12/6/2012 4:00
man flu,51.57883072,-3.218133926,1354852855,12/6/2012 4:00
man flu,52.92253113,-1.474618554,1354852855,12/6/2012 4:00
man flu,57.36459732,-2.072972059,1354852855,12/6/2012 4:00
man flu,51.50733566,-0.127683103,1354856452,12/6/2012 5:00
man flu,50.82110596,-0.120540202,1354856452,12/6/2012 5:00
man flu,52.06274033,-0.529209077,1354856452,12/6/2012 5:00
man flu,51.31677246,-0.560034871,1354860053,12/6/2012 6:00
man flu,53.64974976,-1.841160059,1354860653,12/6/2012 6:10
man flu,52.26125336,-2.148119926,1354867264,12/6/2012 8:01
man flu,51.50517273,-0.146668002,1354868462,12/6/2012 8:21
man flu,51.74677277,-2.225785494,1354869663,12/6/2012 8:41
man flu,57.86037445,-5.504851818,1354869663,12/6/2012 8:41
man flu,51.44350433,-3.189213037,1354871469,12/6/2012 9:11
man flu,53.52281952,-1.128461957,1354881066,12/6/2012 11:51
man flu,51.43884277,-0.01609,1354884673,12/6/2012 12:51
man flu,51.86424637,-2.23815608,1354891265,12/6/2012 14:41
man flu,51.62144089,-3.943645954,1354891869,12/6/2012 14:51
man flu,50.9097023,-1.404350877,1354899071,12/6/2012 16:51
man flu,53.40837097,-2.991572618,1354902673,12/6/2012 17:51
man flu,51.80978394,-0.2376744,1354902673,12/6/2012 17:51
man flu,51.23800659,-0.172483996,1354910466,12/6/2012 20:01
man flu,54.54231644,-1.291998148,1354932056,12/7/2012 2:00
man flu,52.62944412,-3.152499914,1354935659,12/7/2012 3:00
man flu,51.50733566,-0.127683103,1354935659,12/7/2012 3:00
man flu,53.74567032,-0.336741298,1354935659,12/7/2012 3:00
man flu,51.43379974,-3.215781927,1354935659,12/7/2012 3:00
man flu,56.11698532,-3.942226887,1354939257,12/7/2012 4:00
man flu,55.61471939,-4.498792171,1354939257,12/7/2012 4:00
man flu,57.47777176,-4.224720955,1354939257,12/7/2012 4:00
man flu,52.91252518,-0.643581986,1354942854,12/7/2012 5:00
man flu,51.26255035,-1.093608975,1354942854,12/7/2012 5:00
man flu,55.37805176,-3.435972929,1354942854,12/7/2012 5:00
man flu,52.67841721,-2.445257902,1354945853,12/7/2012 5:50
man flu,56.49067307,-4.202645779,1354946457,12/7/2012 6:00
man flu,52.13066101,-3.783711672,1354946457,12/7/2012 6:00
man flu,52.35551834,-1.174319744,1354946457,12/7/2012 6:00
man flu,52.63687897,-1.139759183,1354946457,12/7/2012 6:00
man flu,51.5201683,-0.105178699,1354946457,12/7/2012 6:00
man flu,53.74567032,-0.336741298,1354972871,12/7/2012 13:21
man flu,53.65708542,-0.307146013,1354977066,12/7/2012 14:31
man flu,55.90657425,-4.201984882,1354980666,12/7/2012 15:31
man flu,51.76590729,0.667366505,1354989067,12/7/2012 17:51
man flu,55.89609146,-4.350011826,1354990868,12/7/2012 18:21
man flu,54.99661255,-7.308574677,1355021458,12/8/2012 2:50
man flu,50.9097023,-1.404350877,1355022058,12/8/2012 3:00
man flu,51.26225281,-0.467251688,1355022058,12/8/2012 3:00
man flu,53.81750488,-3.03567481,1355022058,12/8/2012 3:00
man flu,51.50733566,-0.127683103,1355025658,12/8/2012 4:00
man flu,51.50733566,-0.127683103,1355025658,12/8/2012 4:00
man flu,51.57608414,0.488736004,1355025658,12/8/2012 4:00
man flu,53.4265213,-3.066215038,1355025658,12/8/2012 4:00
man flu,51.89689255,-8.486315727,1355025658,12/8/2012 4:00
man flu,52.4068222,-1.519693017,1355025658,12/8/2012 4:00
man flu,51.50733566,-0.127683103,1355025658,12/8/2012 4:00
man flu,55.79386902,-4.094920158,1355025658,12/8/2012 4:00
man flu,55.04639053,-1.451298952,1355025658,12/8/2012 4:00
man flu,50.71504974,-1.987247944,1355025658,12/8/2012 4:00
man flu,55.95325089,-3.188266993,1355025658,12/8/2012 4:00
man flu,53.72702026,-1.857540011,1355032256,12/8/2012 5:50
man flu,51.90376282,-0.196612,1355046659,12/8/2012 9:50
man flu,53.47925186,-2.247925997,1355047260,12/8/2012 10:01
man flu,51.91445923,0.237390995,1355056867,12/8/2012 12:41
man flu,52.67841721,-2.445257902,1355068270,12/8/2012 15:51
man flu,53.44838715,-2.50803709,1355077265,12/8/2012 18:21
man flu,51.53953171,-0.579082012,1355084463,12/8/2012 20:21
man flu,51.50733566,-0.127683103,1355104857,12/9/2012 2:00
man flu,53.38113022,-1.470085025,1355112053,12/9/2012 4:00
man flu,53.78939819,-2.255002975,1355112053,12/9/2012 4:00
man flu,50.85484695,-1.186586857,1355115054,12/9/2012 4:50
man flu,54.97825241,-1.61777997,1355115654,12/9/2012 5:00
man flu,53.01320648,-2.227300167,1355119254,12/9/2012 6:00
man flu,53.00266647,-2.17940402,1355119254,12/9/2012 6:00
man flu,51.6966362,-0.175947994,1355126457,12/9/2012 8:00
man flu,55.95325089,-3.188266993,1355126457,12/9/2012 8:00
man flu,53.29318237,-3.727639914,1355126457,12/9/2012 8:00
man flu,52.63088608,1.297355056,1355126457,12/9/2012 8:00
man flu,54.52360916,-1.559458017,1355126457,12/9/2012 8:00
man flu,53.2326355,-2.6103158,1355129458,12/9/2012 8:50
man flu,53.40675354,-2.15884304,1355129458,12/9/2012 8:50
man flu,53.9690094,-2.627690792,1355130059,12/9/2012 9:00
man flu,53.80127716,-1.548567057,1355130059,12/9/2012 9:00
man flu,54.88456345,-2.961341858,1355130059,12/9/2012 9:00
man flu,52.63687897,-1.139759183,1355130059,12/9/2012 9:00
man flu,53.99211884,-1.541811943,1355136667,12/9/2012 10:51
man flu,55.84725952,-4.440114021,1355152275,12/9/2012 15:11
man flu,52.13066101,-3.783711672,1355154670,12/9/2012 15:51
man flu,52.48113632,1.753448963,1355158270,12/9/2012 16:51
man flu,53.44838715,-2.50803709,1355163070,12/9/2012 18:11
man flu,55.37805176,-3.435972929,1355183465,12/9/2012 23:51
man flu,53.40837097,-2.991572618,1355190660,12/10/2012 1:51
man flu,57.86037445,-5.504851818,1355194260,12/10/2012 2:51
man flu,52.4862442,-1.890401006,1355194857,12/10/2012 3:00
man flu,52.95478439,-1.158108592,1355197855,12/10/2012 3:50
man flu,50.77721405,-3.999460936,1355197855,12/10/2012 3:50
man flu,51.64761353,-0.358420014,1355198456,12/10/2012 4:00
man flu,50.96718216,-1.374688029,1355198456,12/10/2012 4:00
man flu,52.35551834,-1.174319744,1355198456,12/10/2012 4:00
man flu,53.0528183,-1.405791998,1355198456,12/10/2012 4:00
man flu,54.97825241,-1.61777997,1355198456,12/10/2012 4:00
man flu,55.95325089,-3.188266993,1355201452,12/10/2012 4:50
man flu,55.95325089,-3.188266993,1355202051,12/10/2012 5:00
man flu,53.00266647,-2.17940402,1355208662,12/10/2012 6:51
man flu,52.56949997,-0.240529895,1355212260,12/10/2012 7:51
man flu,52.09825897,-2.28904295,1355219467,12/10/2012 9:51
man flu,52.28715515,-1.52529335,1355223070,12/10/2012 10:51
man flu,51.57582474,-0.306396991,1355227278,12/10/2012 12:01
man flu,54.97825241,-1.61777997,1355229674,12/10/2012 12:41
man flu,53.40837097,-2.991572618,1355229674,12/10/2012 12:41
man flu,53.58680725,-2.665963888,1355235065,12/10/2012 14:11
man flu,51.44188309,0.37075901,1355237469,12/10/2012 14:51
man flu,53.81750488,-3.03567481,1355241073,12/10/2012 15:51
man flu,53.38113022,-1.470085025,1355245867,12/10/2012 17:11
man flu,52.35551834,-1.174319744,1355251871,12/10/2012 18:51
man flu,52.32488251,-0.070821002,1355255472,12/10/2012 19:51
man flu,51.47312546,-0.092280999,1355256671,12/10/2012 20:11
man flu,51.47312546,-0.092280999,1355257270,12/10/2012 20:21
man flu,53.70645142,-2.279366016,1355281261,12/11/2012 3:01
man flu,52.16933823,-1.204682946,1355281261,12/11/2012 3:01
man flu,51.90376282,-0.196612,1355281261,12/11/2012 3:01
man flu,52.92253113,-1.474618554,1355284255,12/11/2012 3:50
man flu,51.50733566,-0.127683103,1355284855,12/11/2012 4:00
man flu,51.58415222,-2.997663975,1355284855,12/11/2012 4:00
man flu,53.79598236,-1.759397984,1355284855,12/11/2012 4:00
man flu,51.40140915,-1.323113918,1355284855,12/11/2012 4:00
man flu,52.63358307,-1.691032052,1355284855,12/11/2012 4:00
man flu,52.35551834,-1.174319744,1355287855,12/11/2012 4:50
man flu,51.37580109,-2.359903812,1355288457,12/11/2012 5:00
man flu,53.37797546,-3.108818054,1355288457,12/11/2012 5:00
man flu,51.23622131,-0.570409,1355288457,12/11/2012 5:00
man flu,51.52573013,-0.726761281,1355290255,12/11/2012 5:30
man flu,52.63088608,1.297355056,1355292056,12/11/2012 6:00
man flu,53.56747055,-0.080784,1355292056,12/11/2012 6:00
man flu,52.58697128,-2.128819942,1355292056,12/11/2012 6:00
man flu,52.63687897,-1.139759183,1355292056,12/11/2012 6:00
man flu,56.1168251,-3.158137083,1355292056,12/11/2012 6:00
man flu,53.40837097,-2.991572618,1355292056,12/11/2012 6:00
man flu,52.58697128,-2.128819942,1355292056,12/11/2012 6:00
man flu,52.95478439,-1.158108592,1355292056,12/11/2012 6:00
man flu,51.76590729,0.667366505,1355292056,12/11/2012 6:00
man flu,53.96229172,-1.081899524,1355292056,12/11/2012 6:00
man flu,51.50733566,-0.127683103,1355292056,12/11/2012 6:00
man flu,54.97825241,-1.61777997,1355292056,12/11/2012 6:00
man flu,52.13066101,-3.783711672,1355295060,12/11/2012 6:51
man flu,55.79254532,-3.998939991,1355302266,12/11/2012 8:51
man flu,53.72294235,-1.649996042,1355305869,12/11/2012 9:51
man flu,53.19339371,-2.893074989,1355305869,12/11/2012 9:51
man flu,51.27036285,0.522698998,1355316682,12/11/2012 12:51
man flu,53.40561295,-1.326967239,1355318470,12/11/2012 13:21
man flu,53.40561295,-1.326967239,1355321468,12/11/2012 14:11
man flu,52.13066101,-3.783711672,1355331076,12/11/2012 16:51
man flu,52.34178543,-2.277592897,1355331076,12/11/2012 16:51
man flu,53.40561295,-1.326967239,1355333474,12/11/2012 17:31
man flu,51.50733566,-0.127683103,1355334076,12/11/2012 17:41
man flu,53.47925186,-2.247925997,1355334076,12/11/2012 17:41
man flu,53.40561295,-1.326967239,1355334076,12/11/2012 17:41
man flu,50.44440079,-3.573288918,1355334676,12/11/2012 17:51
man flu,53.47925186,-2.247925997,1355334676,12/11/2012 17:51
man flu,53.52281952,-1.128461957,1355367661,12/12/2012 3:01
man flu,53.31769943,-2.246023893,1355368863,12/12/2012 3:21
man flu,53.79598236,-1.759397984,1355371258,12/12/2012 4:00
man flu,51.50733566,-0.127683103,1355371258,12/12/2012 4:00
man flu,51.42292023,-0.685714006,1355372455,12/12/2012 4:20
man flu,53.82392883,-6.404867172,1355373056,12/12/2012 4:30
man flu,53.40593719,-2.743433952,1355374253,12/12/2012 4:50
man flu,52.35551834,-1.174319744,1355374853,12/12/2012 5:00
man flu,55.7845993,-3.874769926,1355377855,12/12/2012 5:50
man flu,51.319664,-2.208853006,1355378457,12/12/2012 6:00
man flu,53.47925186,-2.247925997,1355378457,12/12/2012 6:00
man flu,53.41291046,-8.243889809,1355378457,12/12/2012 6:00
man flu,53.41492462,-2.077023029,1355378457,12/12/2012 6:00
man flu,53.72702026,-1.857540011,1355378457,12/12/2012 6:00
man flu,51.319664,-2.208853006,1355378457,12/12/2012 6:00
man flu,51.76590729,0.667366505,1355378457,12/12/2012 6:00
man flu,51.62144089,-3.943645954,1355388712,12/12/2012 8:51
man flu,53.72253799,-1.775578976,1355395926,12/12/2012 10:52
man flu,53.38113022,-1.470085025,1355399531,12/12/2012 11:52
man flu,54.68363953,-1.820177555,1355399532,12/12/2012 11:52
man flu,53.21788025,-0.199970201,1355406727,12/12/2012 13:52
man flu,53.6096344,-1.399389982,1355406728,12/12/2012 13:52
man flu,51.12874222,-0.014468,1355410325,12/12/2012 14:52
man flu,51.50733566,-0.127683103,1355410326,12/12/2012 14:52
man flu,53.07497787,-0.805015981,1355410326,12/12/2012 14:52
man flu,54.77524948,-1.58485198,1355413944,12/12/2012 15:52
man flu,52.63687897,-1.139759183,1355413944,12/12/2012 15:52
man flu,50.71841049,-3.533899069,1355413944,12/12/2012 15:52
man flu,54.97825241,-1.61777997,1355413945,12/12/2012 15:52
man flu,53.47925186,-2.247925997,1355415072,12/12/2012 16:11
man flu,51.50733566,-0.127683103,1355415072,12/12/2012 16:11
man flu,53.52421951,-2.163670063,1355421131,12/12/2012 17:52
man flu,53.31769943,-2.246023893,1355422273,12/12/2012 18:11
man flu,53.80127716,-1.548567057,1355431925,12/12/2012 20:52
man flu,57.15322495,-2.147680998,1355449866,12/13/2012 1:51
man flu,53.81240082,-1.628499985,1355453462,12/13/2012 2:51
man flu,52.272995,-0.875551522,1355457654,12/13/2012 4:00
man flu,52.64864731,1.724421978,1355457654,12/13/2012 4:00
man flu,51.50733566,-0.127683103,1355461255,12/13/2012 5:00
man flu,56.001091,-3.783522367,1355461255,12/13/2012 5:00
man flu,51.76590729,0.667366505,1355461255,12/13/2012 5:00
man flu,55.96772385,-3.265045881,1355461255,12/13/2012 5:00
man flu,51.40602493,0.013156,1355461255,12/13/2012 5:00
man flu,52.7901001,-0.153702393,1355471462,12/13/2012 7:51
man flu,57.47777176,-4.224720955,1355475122,12/13/2012 8:52
man flu,53.58444214,-2.428618908,1355475123,12/13/2012 8:52
man flu,53.80127716,-1.548567057,1355475123,12/13/2012 8:52
man flu,50.82252884,-0.137162998,1355475728,12/13/2012 9:02
man flu,52.13066101,-3.783711672,1355478733,12/13/2012 9:52
man flu,51.31599426,0.889357984,1355485926,12/13/2012 11:52
man flu,53.34944153,-6.260082722,1355485926,12/13/2012 11:52
man flu,50.79468536,-0.619594991,1355489541,12/13/2012 12:52
man flu,57.47777176,-4.224720955,1355489542,12/13/2012 12:52
man flu,51.52315521,-0.71725899,1355492468,12/13/2012 13:41
man flu,52.379776,-1.304944992,1355493132,12/13/2012 13:52
man flu,53.36102295,-2.733637095,1355493132,12/13/2012 13:52
man flu,51.37580109,-2.359903812,1355493132,12/13/2012 13:52
man flu,53.47925186,-2.247925997,1355493132,12/13/2012 13:52
man flu,53.47925186,-2.247925997,1355501466,12/13/2012 16:11
man flu,52.74012375,-1.140592456,1355533260,12/14/2012 1:01
man flu,55.86182022,-4.352198124,1355545852,12/14/2012 4:30
man flu,56.49067307,-4.202645779,1355547053,12/14/2012 4:50
man flu,50.78299713,-0.673061013,1355550653,12/14/2012 5:50
man flu,52.48113632,1.753448963,1355551252,12/14/2012 6:00
man flu,51.50733566,-0.127683103,1355551252,12/14/2012 6:00
man flu,55.86423874,-4.251805782,1355551252,12/14/2012 6:00
man flu,51.50733566,-0.127683103,1355557859,12/14/2012 7:50
man flu,51.41635895,0.815114021,1355558460,12/14/2012 8:01
man flu,51.40355682,-2.591701508,1355558460,12/14/2012 8:01
man flu,51.50733566,-0.127683103,1355558460,12/14/2012 8:01
man flu,53.00266647,-2.17940402,1355558460,12/14/2012 8:01
man flu,53.72702026,-1.857540011,1355558460,12/14/2012 8:01
man flu,51.41635895,0.815114021,1355559659,12/14/2012 8:20
man flu,53.47667313,-2.255680323,1355565121,12/14/2012 9:52
man flu,53.11553192,-9.149423599,1355565122,12/14/2012 9:52
man flu,54.90686798,-1.383800983,1355575867,12/14/2012 12:51
man flu,50.50363159,-4.652498245,1355579465,12/14/2012 13:51
man flu,51.4942894,-0.268694013,1355581869,12/14/2012 14:31
man flu,53.64974976,-1.841160059,1355586072,12/14/2012 15:41
man flu,55.67386627,-3.782138109,1355591466,12/14/2012 17:11
man flu,52.63687897,-1.139759183,1355593871,12/14/2012 17:51
man flu,50.37191772,-4.136019707,1355593871,12/14/2012 17:51
man flu,52.13066101,-3.783711672,1355593871,12/14/2012 17:51
man flu,54.97825241,-1.61777997,1355605864,12/14/2012 21:11
man flu,53.47925186,-2.247925997,1355630451,12/15/2012 4:00
man flu,53.47925186,-2.247925997,1355630451,12/15/2012 4:00
man flu,52.13066101,-3.783711672,1355637050,12/15/2012 5:50
man flu,54.90686798,-1.383800983,1355637651,12/15/2012 6:00
man flu,52.13066101,-3.783711672,1355637651,12/15/2012 6:00
man flu,53.47925186,-2.247925997,1355637651,12/15/2012 6:00
man flu,53.80127716,-1.548567057,1355637651,12/15/2012 6:00
man flu,53.47925186,-2.247925997,1355644252,12/15/2012 7:50
man flu,53.48846436,-2.298296928,1355644855,12/15/2012 8:00
man flu,51.76590729,0.667366505,1355644855,12/15/2012 8:00
man flu,51.50733566,-0.127683103,1355644855,12/15/2012 8:00
man flu,53.38113022,-1.470085025,1355644855,12/15/2012 8:00
man flu,51.27036285,0.522698998,1355644855,12/15/2012 8:00
man flu,53.9690094,-2.627690792,1355647862,12/15/2012 8:51
man flu,50.7191658,-1.880769014,1355648460,12/15/2012 9:01
man flu,52.58697128,-2.128819942,1355648460,12/15/2012 9:01
man flu,52.92253113,-1.474618554,1355648460,12/15/2012 9:01
man flu,51.49245453,-0.133580193,1355648460,12/15/2012 9:01
man flu,52.55109024,-2.105378628,1355655065,12/15/2012 10:51
man flu,54.56560516,-1.240559459,1355658066,12/15/2012 11:41
man flu,51.45451355,-2.587909937,1355658667,12/15/2012 11:51
man flu,52.4905777,-0.683783889,1355665865,12/15/2012 13:51
man flu,51.50733566,-0.127683103,1355676662,12/15/2012 16:51
man flu,52.03860092,-0.757071972,1355688059,12/15/2012 20:00
man flu,53.52421951,-2.163670063,1355716254,12/16/2012 3:50
man flu,51.5459671,-0.294966996,1355721052,12/16/2012 5:10
man flu,51.88961792,0.262479991,1355724050,12/16/2012 6:00
man flu,53.40837097,-2.991572618,1355727660,12/16/2012 7:01
man flu,56.49067307,-4.202645779,1355727660,12/16/2012 7:01
man flu,52.33691788,-6.463337898,1355727660,12/16/2012 7:01
man flu,52.24047852,-0.902656019,1355731255,12/16/2012 8:00
man flu,53.54454422,-2.118731976,1355731255,12/16/2012 8:00
man flu,52.35551834,-1.174319744,1355731255,12/16/2012 8:00
man flu,50.37191772,-4.136019707,1355731255,12/16/2012 8:00
man flu,53.79598236,-1.759397984,1355731255,12/16/2012 8:00
man flu,52.3802948,-1.563936949,1355731255,12/16/2012 8:00
man flu,51.74677277,-2.225785494,1355731255,12/16/2012 8:00
man flu,50.81666565,-1.083333254,1355731255,12/16/2012 8:00
man flu,52.35551834,-1.174319744,1355731255,12/16/2012 8:00
man flu,55.95325089,-3.188266993,1355734856,12/16/2012 9:00
man flu,51.37580109,-2.359903812,1355734856,12/16/2012 9:00
man flu,53.34944153,-6.260082722,1355734856,12/16/2012 9:00
man flu,55.86565018,-3.066150904,1355734856,12/16/2012 9:00
man flu,51.50949478,-0.154834002,1355738472,12/16/2012 10:01
man flu,51.46872711,-0.209258005,1355749869,12/16/2012 13:11
man flu,53.00266647,-2.17940402,1355751666,12/16/2012 13:41
man flu,52.13066101,-3.783711672,1355751666,12/16/2012 13:41
man flu,52.35551834,-1.174319744,1355755873,12/16/2012 14:51
man flu,52.59092331,-6.498010635,1355757068,12/16/2012 15:11
man flu,52.88943863,-1.766269803,1355761272,12/16/2012 16:21
man flu,53.9690094,-2.627690792,1355766668,12/16/2012 17:51
man flu,50.84813309,-0.937928021,1355766668,12/16/2012 17:51
man flu,50.86979294,-2.963315964,1355770262,12/16/2012 18:51
man flu,53.47395706,-2.582859039,1355792455,12/17/2012 1:00
man flu,53.9690094,-2.627690792,1355792455,12/17/2012 1:00
man flu,54.68363953,-1.820177555,1355799661,12/17/2012 3:01
man flu,53.84738922,-1.833781004,1355803255,12/17/2012 4:00
man flu,55.95325089,-3.188266993,1355803255,12/17/2012 4:00
man flu,52.90935898,1.08674705,1355806850,12/17/2012 5:00
man flu,51.50733566,-0.127683103,1355806850,12/17/2012 5:00
man flu,55.96799088,-3.309418201,1355806850,12/17/2012 5:00
man flu,54.90686798,-1.383800983,1355806850,12/17/2012 5:00
man flu,53.40837097,-2.991572618,1355806850,12/17/2012 5:00
man flu,54.97645187,-1.765766025,1355806850,12/17/2012 5:00
man flu,51.52980042,-0.0288,1355806850,12/17/2012 5:00
man flu,53.40837097,-2.991572618,1355806850,12/17/2012 5:00
man flu,56.03646851,-3.423063993,1355806850,12/17/2012 5:00
man flu,54.78771591,-6.492314339,1355809852,12/17/2012 5:50
man flu,51.06878662,-1.794471979,1355809852,12/17/2012 5:50
man flu,53.2326355,-2.6103158,1355809852,12/17/2012 5:50
man flu,51.45451355,-2.587909937,1355810452,12/17/2012 6:00
man flu,50.37191772,-4.136019707,1355810452,12/17/2012 6:00
man flu,52.95478439,-1.158108592,1355810452,12/17/2012 6:00
man flu,52.4905777,-0.683783889,1355817657,12/17/2012 8:00
man flu,53.47925186,-2.247925997,1355817657,12/17/2012 8:00
man flu,52.56949997,-0.240529895,1355817657,12/17/2012 8:00
man flu,53.47925186,-2.247925997,1355817657,12/17/2012 8:00
man flu,51.50733566,-0.127683103,1355817657,12/17/2012 8:00
man flu,51.45451355,-2.587909937,1355817657,12/17/2012 8:00
man flu,51.52070999,-0.088053003,1355819458,12/17/2012 8:30
man flu,52.45689011,-2.148730993,1355820664,12/17/2012 8:51
man flu,54.00380707,-0.394132614,1355821865,12/17/2012 9:11
man flu,51.65641403,-3.891041994,1355824265,12/17/2012 9:51
man flu,51.45451355,-2.587909937,1355824265,12/17/2012 9:51
man flu,54.56093597,-1.144621015,1355824265,12/17/2012 9:51
man flu,51.75172424,-1.255285025,1355827866,12/17/2012 10:51
man flu,53.7485733,-2.487529039,1355827866,12/17/2012 10:51
man flu,51.62144089,-3.943645954,1355832666,12/17/2012 12:11
man flu,51.26225281,-0.467251688,1355835070,12/17/2012 12:51
man flu,53.81081772,-1.762609959,1355835070,12/17/2012 12:51
man flu,57.14971542,-2.094278097,1355843478,12/17/2012 15:11
man flu,51.0895195,-1.216843963,1355845270,12/17/2012 15:41
man flu,51.34379959,-1.132169008,1355849478,12/17/2012 16:51
man flu,52.63687897,-1.139759183,1355885460,12/18/2012 2:51
man flu,51.18080139,-0.920013011,1355885460,12/18/2012 2:51
man flu,51.6750145,-0.462719709,1355889651,12/18/2012 4:00
man flu,51.50733566,-0.127683103,1355889651,12/18/2012 4:00
man flu,51.50733566,-0.127683103,1355889651,12/18/2012 4:00
man flu,52.35551834,-1.174319744,1355889651,12/18/2012 4:00
man flu,53.40837097,-2.991572618,1355893251,12/18/2012 5:00
man flu,53.43692398,-2.199312687,1355893251,12/18/2012 5:00
man flu,53.36764526,-2.164072037,1355893251,12/18/2012 5:00
man flu,53.40837097,-2.991572618,1355893251,12/18/2012 5:00
man flu,50.73906708,-2.338234663,1355893251,12/18/2012 5:00
man flu,50.9097023,-1.404350877,1355893251,12/18/2012 5:00
man flu,52.06463242,1.25366497,1355895057,12/18/2012 5:30
man flu,54.69174576,-1.21292603,1355896254,12/18/2012 5:50
man flu,55.65709686,-4.599956036,1355896854,12/18/2012 6:00
man flu,52.4862442,-1.890401006,1355896854,12/18/2012 6:00
man flu,51.06878662,-1.794471979,1355896854,12/18/2012 6:00
man flu,54.9431572,-1.422718048,1355896854,12/18/2012 6:00
man flu,53.04304123,-2.992494106,1355896854,12/18/2012 6:00
man flu,53.74977875,-2.893681049,1355896854,12/18/2012 6:00
man flu,51.50733566,-0.127683103,1355896854,12/18/2012 6:00
man flu,51.50733566,-0.127683103,1355896854,12/18/2012 6:00
man flu,54.95474625,-1.464918017,1355899857,12/18/2012 6:50
man flu,53.1933136,-2.902431011,1355904659,12/18/2012 8:10
man flu,51.69406891,-0.38715601,1355905259,12/18/2012 8:20
man flu,54.59728622,-5.930119991,1355907661,12/18/2012 9:01
man flu,52.4862442,-1.890401006,1355907661,12/18/2012 9:01
man flu,51.45451355,-2.587909937,1355907661,12/18/2012 9:01
man flu,51.86424637,-2.23815608,1355907661,12/18/2012 9:01
man flu,52.16289139,-0.896678209,1355908259,12/18/2012 9:10
man flu,53.9690094,-2.627690792,1355911261,12/18/2012 10:01
man flu,53.47925186,-2.247925997,1355911261,12/18/2012 10:01
man flu,54.90336609,-5.024055004,1355911261,12/18/2012 10:01
man flu,55.93215942,-3.044842005,1355914264,12/18/2012 10:51
man flu,53.80127716,-1.548567057,1355914264,12/18/2012 10:51
man flu,53.55263138,-1.479725957,1355939470,12/18/2012 17:51
man flu,50.81666565,-1.083333254,1355939470,12/18/2012 17:51
man flu,53.04304123,-2.992494106,1355939470,12/18/2012 17:51
man flu,51.48158264,-3.179090023,1355939470,12/18/2012 17:51
man flu,52.67841721,-2.445257902,1355939470,12/18/2012 17:51
man flu,55.37805176,-3.435972929,1355946658,12/18/2012 19:50
man flu,54.77524948,-1.58485198,1355946658,12/18/2012 19:50
man flu,54.97825241,-1.61777997,1355965256,12/19/2012 1:00
man flu,53.69792938,-2.695477962,1355968250,12/19/2012 1:50
man flu,52.03162766,-0.493185997,1355968851,12/19/2012 2:00
man flu,54.77524948,-1.58485198,1355968851,12/19/2012 2:00
man flu,51.64185715,-2.673804045,1355968851,12/19/2012 2:00
man flu,53.39004517,-2.596950054,1355968851,12/19/2012 2:00
man flu,53.45630646,-2.737095118,1355972448,12/19/2012 3:00
man flu,51.53897858,-0.104963496,1355972448,12/19/2012 3:00
man flu,51.26225281,-0.467251688,1355972448,12/19/2012 3:00
man flu,53.9690094,-2.627690792,1355972448,12/19/2012 3:00
man flu,53.39004517,-2.596950054,1355975448,12/19/2012 3:50
man flu,52.76855469,-2.375586987,1355976049,12/19/2012 4:00
man flu,53.91443634,-9.902693748,1355976049,12/19/2012 4:00
man flu,52.35551834,-1.174319744,1355976049,12/19/2012 4:00
man flu,52.63088608,1.297355056,1355976049,12/19/2012 4:00
man flu,51.65699005,-3.80547595,1355976049,12/19/2012 4:00
man flu,52.35551834,-1.174319744,1355976049,12/19/2012 4:00
man flu,55.94503784,-2.952835083,1355979055,12/19/2012 4:50
man flu,53.35720825,-6.449848652,1355979650,12/19/2012 5:00
man flu,53.38113022,-1.470085025,1355979650,12/19/2012 5:00
man flu,53.40837097,-2.991572618,1355983252,12/19/2012 6:00
man flu,52.35551834,-1.174319744,1355983252,12/19/2012 6:00
man flu,50.39820862,-4.192214966,1355983252,12/19/2012 6:00
man flu,55.86423874,-4.251805782,1355983252,12/19/2012 6:00
man flu,50.9097023,-1.404350877,1355983252,12/19/2012 6:00
man flu,53.54544067,-2.63747406,1355983252,12/19/2012 6:00
man flu,51.31677246,-0.560034871,1355983252,12/19/2012 6:00
man flu,51.08139801,1.169456005,1355983252,12/19/2012 6:00
man flu,54.58621216,-5.932069302,1355986857,12/19/2012 7:00
man flu,54.59728622,-5.930119991,1355986857,12/19/2012 7:00
man flu,53.47925186,-2.247925997,1355986857,12/19/2012 7:00
man flu,53.80127716,-1.548567057,1355986857,12/19/2012 7:00
man flu,53.47925186,-2.247925997,1355986857,12/19/2012 7:00
man flu,53.80127716,-1.548567057,1355986857,12/19/2012 7:00
man flu,53.34207916,-2.729672909,1355986857,12/19/2012 7:00
man flu,56.46201706,-2.970721006,1355986857,12/19/2012 7:00
man flu,53.84396362,-2.986280918,1355986857,12/19/2012 7:00
man flu,52.24047852,-0.902656019,1355986857,12/19/2012 7:00
man flu,52.58697128,-2.128819942,1355986857,12/19/2012 7:00
man flu,53.73679352,-6.418632984,1355986857,12/19/2012 7:00
man flu,53.99211884,-1.541811943,1355986857,12/19/2012 7:00
man flu,52.67841721,-2.445257902,1355986857,12/19/2012 7:00
man flu,52.03860092,-0.757071972,1355986857,12/19/2012 7:00
man flu,51.86424637,-2.23815608,1355990460,12/19/2012 8:01
man flu,53.58444214,-2.428618908,1355990460,12/19/2012 8:01
man flu,55.86423874,-4.251805782,1355990460,12/19/2012 8:01
man flu,53.23068619,-0.540579021,1355990460,12/19/2012 8:01
man flu,52.19363785,-2.221575022,1355990460,12/19/2012 8:01
man flu,55.76435089,-4.176998615,1355990460,12/19/2012 8:01
man flu,53.47925186,-2.247925997,1355994057,12/19/2012 9:00
man flu,50.7191658,-1.880769014,1355994057,12/19/2012 9:00
man flu,50.82252884,-0.137162998,1355994057,12/19/2012 9:00
man flu,51.50733566,-0.127683103,1355994057,12/19/2012 9:00
man flu,54.06061935,-2.814285994,1356007868,12/19/2012 12:51
man flu,52.77209854,-1.206166029,1356007868,12/19/2012 12:51
man flu,53.74567032,-0.336741298,1356007868,12/19/2012 12:51
man flu,52.63687897,-1.139759183,1356007868,12/19/2012 12:51
man flu,51.74677277,-2.225785494,1356018663,12/19/2012 15:51
man flu,51.44620895,0.216872007,1356018663,12/19/2012 15:51
man flu,51.76590729,0.667366505,1356019867,12/19/2012 16:11
man flu,53.38999176,-3.023009062,1356029467,12/19/2012 18:51
man flu,54.56457138,-1.230335951,1356033061,12/19/2012 19:51
man flu,53.9690094,-2.627690792,1356055259,12/20/2012 2:00
man flu,55.95325089,-3.188266993,1356055259,12/20/2012 2:00
man flu,51.0895195,-1.216843963,1356055259,12/20/2012 2:00
man flu,51.50733566,-0.127683103,1356055259,12/20/2012 2:00
man flu,51.54592514,0.707712293,1356057660,12/20/2012 2:41
man flu,51.50733566,-0.127683103,1356058857,12/20/2012 3:00
man flu,53.40837097,-2.991572618,1356058857,12/20/2012 3:00
man flu,53.43260193,-1.363500953,1356058857,12/20/2012 3:00
man flu,55.94484329,-3.204773903,1356061257,12/20/2012 3:40
man flu,51.50733566,-0.127683103,1356061853,12/20/2012 3:50
man flu,53.42393494,-7.940689564,1356061853,12/20/2012 3:50
man flu,55.9237709,-2.912584305,1356062455,12/20/2012 4:00
man flu,51.40140915,-1.323113918,1356062455,12/20/2012 4:00
man flu,51.45288467,-0.973905981,1356062455,12/20/2012 4:00
man flu,50.9097023,-1.404350877,1356062455,12/20/2012 4:00
man flu,53.40837097,-2.991572618,1356062455,12/20/2012 4:00
man flu,51.50733566,-0.127683103,1356062455,12/20/2012 4:00
man flu,53.47925186,-2.247925997,1356066052,12/20/2012 5:00
man flu,54.69174576,-1.21292603,1356066052,12/20/2012 5:00
man flu,51.44256592,-2.576869726,1356069653,12/20/2012 6:00
man flu,51.19504166,0.275680006,1356069653,12/20/2012 6:00
man flu,55.95325089,-3.188266993,1356069653,12/20/2012 6:00
man flu,52.52048874,-1.46538198,1356072660,12/20/2012 6:51
man flu,53.38113022,-1.470085025,1356072660,12/20/2012 6:51
man flu,51.48158264,-3.179090023,1356072660,12/20/2012 6:51
man flu,52.05673599,1.148219943,1356072660,12/20/2012 6:51
man flu,53.04304123,-2.992494106,1356076859,12/20/2012 8:00
man flu,50.79365921,-1.134983063,1356076859,12/20/2012 8:00
man flu,56.49067307,-4.202645779,1356076859,12/20/2012 8:00
man flu,52.35551834,-1.174319744,1356076859,12/20/2012 8:00
man flu,53.47925186,-2.247925997,1356076859,12/20/2012 8:00
man flu,51.24627304,-1.992212653,1356076859,12/20/2012 8:00
man flu,51.50733566,-0.127683103,1356076859,12/20/2012 8:00
man flu,55.95056915,-3.205705881,1356083467,12/20/2012 9:51
man flu,52.13066101,-3.783711672,1356083467,12/20/2012 9:51
man flu,53.34944153,-6.260082722,1356090672,12/20/2012 11:51
man flu,52.63088608,1.297355056,1356090672,12/20/2012 11:51
man flu,51.50733566,-0.127683103,1356090672,12/20/2012 11:51
man flu,52.05673599,1.148219943,1356095463,12/20/2012 13:11
man flu,55.37805176,-3.435972929,1356099068,12/20/2012 14:11
man flu,57.14971542,-2.094278097,1356099068,12/20/2012 14:11
man flu,51.50733566,-0.127683103,1356105064,12/20/2012 15:51
man flu,51.53077316,-0.078632697,1356105064,12/20/2012 15:51
man flu,51.48158264,-3.179090023,1356105064,12/20/2012 15:51
man flu,51.90251541,0.554509997,1356105065,12/20/2012 15:51
man flu,56.49067307,-4.202645779,1356105065,12/20/2012 15:51
man flu,51.27036285,0.522698998,1356105065,12/20/2012 15:51
man flu,52.03860092,-0.757071972,1356106270,12/20/2012 16:11
man flu,51.45451355,-2.587909937,1356110472,12/20/2012 17:21
man flu,51.50733566,-0.127683103,1356119466,12/20/2012 19:51
man flu,52.41530228,-4.082920074,1356141659,12/21/2012 2:00
man flu,51.62047577,0.307174891,1356141659,12/21/2012 2:00
man flu,52.35551834,-1.174319744,1356141659,12/21/2012 2:00
man flu,52.60945129,-2.128494024,1356148251,12/21/2012 3:50
man flu,51.46598816,-1.281401396,1356148251,12/21/2012 3:50
man flu,51.50733566,-0.127683103,1356148251,12/21/2012 3:50
man flu,52.39601898,-2.012497902,1356151850,12/21/2012 4:50
man flu,52.135952,-0.466615886,1356152453,12/21/2012 5:00
man flu,51.50733566,-0.127683103,1356152453,12/21/2012 5:00
man flu,51.50733566,-0.127683103,1356152453,12/21/2012 5:00
man flu,51.60077286,-3.342314005,1356152453,12/21/2012 5:00
man flu,53.48322678,-2.198226929,1356153653,12/21/2012 5:20
man flu,54.57045364,-1.328982115,1356163260,12/21/2012 8:01
man flu,51.79780579,0.637217879,1356163854,12/21/2012 8:10
man flu,51.48968506,-0.111524999,1356166262,12/21/2012 8:51
man flu,51.37092209,1.12777102,1356166262,12/21/2012 8:51
man flu,51.50733566,-0.127683103,1356169864,12/21/2012 9:51
man flu,51.50733566,-0.127683103,1356180667,12/21/2012 12:51
man flu,53.31914139,-3.491633892,1356180667,12/21/2012 12:51
man flu,51.39784241,-1.687687993,1356183682,12/21/2012 13:41
man flu,55.37805176,-3.435972929,1356184279,12/21/2012 13:51
man flu,53.47395706,-2.582859039,1356184279,12/21/2012 13:51
man flu,53.40675354,-2.15884304,1356185470,12/21/2012 14:11
man flu,51.52241516,-0.721899986,1356189063,12/21/2012 15:11
man flu,56.49067307,-4.202645779,1356216664,12/21/2012 22:51
man flu,57.15562439,-2.277128935,1356227462,12/22/2012 1:51
man flu,51.57587051,-0.421236008,1356238855,12/22/2012 5:00
man flu,52.63687897,-1.139759183,1356238855,12/22/2012 5:00
man flu,54.28311157,-0.399751991,1356238855,12/22/2012 5:00
man flu,54.10390091,-3.25,1356238855,12/22/2012 5:00
man flu,53.40675354,-2.15884304,1356238855,12/22/2012 5:00
man flu,52.35551834,-1.174319744,1356242456,12/22/2012 6:00
man flu,51.28023148,1.07890892,1356242456,12/22/2012 6:00
man flu,54.90686798,-1.383800983,1356242456,12/22/2012 6:00
man flu,51.587677,-0.158228993,1356246658,12/22/2012 7:10
man flu,52.4482193,-2.039326191,1356250257,12/22/2012 8:10
man flu,52.05673599,1.148219943,1356252064,12/22/2012 8:41
man flu,51.50733566,-0.127683103,1356256265,12/22/2012 9:51
man flu,52.35551834,-1.174319744,1356256265,12/22/2012 9:51
man flu,52.4862442,-1.890401006,1356259867,12/22/2012 10:51
man flu,52.74012375,-1.140592456,1356277266,12/22/2012 15:41
man flu,53.34944153,-6.260082722,1356288064,12/22/2012 18:41
man flu,53.38113022,-1.470085025,1356321055,12/23/2012 3:50
man flu,54.52360916,-1.559458017,1356321055,12/23/2012 3:50
man flu,52.52048874,-1.46538198,1356321655,12/23/2012 4:00
man flu,52.06837845,-1.333297968,1356324057,12/23/2012 4:40
man flu,51.62144089,-3.943645954,1356325254,12/23/2012 5:00
man flu,53.96185303,-1.087550879,1356325254,12/23/2012 5:00
man flu,53.47925186,-2.247925997,1356325254,12/23/2012 5:00
man flu,53.45630646,-2.737095118,1356325254,12/23/2012 5:00
man flu,53.75969315,-1.631003976,1356327657,12/23/2012 5:40
man flu,51.80978394,-0.2376744,1356328856,12/23/2012 6:00
man flu,53.34944153,-6.260082722,1356328856,12/23/2012 6:00
man flu,53.34944153,-6.260082722,1356336054,12/23/2012 8:00
man flu,52.24596786,-1.319795012,1356339658,12/23/2012 9:00
man flu,51.50733566,-0.127683103,1356343260,12/23/2012 10:01
man flu,50.37191772,-4.136019707,1356343260,12/23/2012 10:01
man flu,53.19339371,-2.893074989,1356364264,12/23/2012 15:51
man flu,52.41666412,-1.830024958,1356366063,12/23/2012 16:21
man flu,54.86605835,-2.87907505,1356379261,12/23/2012 20:01
man flu,51.45451355,-2.587909937,1356411055,12/24/2012 4:50
man flu,53.00266647,-2.17940402,1356415253,12/24/2012 6:00
man flu,51.59468079,-3.784096956,1356418860,12/24/2012 7:01
man flu,51.62144089,-3.943645954,1356418860,12/24/2012 7:01
man flu,51.50733566,-0.127683103,1356418860,12/24/2012 7:01
man flu,52.74928284,-3.97300911,1356422455,12/24/2012 8:00
man flu,53.72346497,-1.345968008,1356425458,12/24/2012 8:50
man flu,53.03726196,-2.20510149,1356426057,12/24/2012 9:00
man flu,53.80127716,-1.548567057,1356426057,12/24/2012 9:00
man flu,53.38113022,-1.470085025,1356426057,12/24/2012 9:00
man flu,53.58864594,-0.654412985,1356426057,12/24/2012 9:00
man flu,54.59728622,-5.930119991,1356428466,12/24/2012 9:41
man flu,54.33795929,-1.429959059,1356428466,12/24/2012 9:41
man flu,52.95478439,-1.158108592,1356439865,12/24/2012 12:51
man flu,51.51898575,-0.080929801,1356439865,12/24/2012 12:51
man flu,52.25747299,-1.164947033,1356439865,12/24/2012 12:51
man flu,51.53484726,-3.090317965,1356442873,12/24/2012 13:41
man flu,53.39004517,-2.596950054,1356461463,12/24/2012 18:51
man flu,54.6156044,-1.053212047,1356465660,12/24/2012 20:01
man flu,53.33300018,-1.990053058,1356493860,12/25/2012 3:51
man flu,51.57608414,0.488736004,1356494460,12/25/2012 4:01
man flu,51.50733566,-0.127683103,1356498059,12/25/2012 5:00
man flu,52.77209854,-1.206166029,1356501652,12/25/2012 6:00
man flu,52.65128326,-0.480215997,1356508852,12/25/2012 8:00
man flu,52.59818268,-2.162709951,1356511263,12/25/2012 8:41
man flu,52.68160248,-1.831671953,1356515460,12/25/2012 9:51
man flu,52.58697128,-2.128819942,1356516059,12/25/2012 10:00
man flu,51.0895195,-1.216843963,1356516059,12/25/2012 10:00
man flu,52.63088608,1.297355056,1356536460,12/25/2012 15:41
man flu,51.80722046,-0.812766373,1356580859,12/26/2012 4:00
man flu,52.13066101,-3.783711672,1356584455,12/26/2012 5:00
man flu,53.96185303,-1.087550879,1356584455,12/26/2012 5:00
man flu,51.50733566,-0.127683103,1356584455,12/26/2012 5:00
man flu,51.49250031,-0.263300002,1356584455,12/26/2012 5:00
man flu,52.63088608,1.297355056,1356588058,12/26/2012 6:00
man flu,53.40837097,-2.991572618,1356588058,12/26/2012 6:00
man flu,54.59728622,-5.930119991,1356588058,12/26/2012 6:00
man flu,53.72702026,-1.857540011,1356591056,12/26/2012 6:50
man flu,51.50733566,-0.127683103,1356594657,12/26/2012 7:50
man flu,55.95325089,-3.188266993,1356594657,12/26/2012 7:50
man flu,52.13066101,-3.783711672,1356595257,12/26/2012 8:00
man flu,51.50733566,-0.127683103,1356595257,12/26/2012 8:00
man flu,52.65318298,-7.248366833,1356612075,12/26/2012 12:41
man flu,53.48283386,-2.246969938,1356615671,12/26/2012 13:41
man flu,52.98398209,-0.037958998,1356656470,12/27/2012 1:01
man flu,52.69517136,-2.284826756,1356666664,12/27/2012 3:51
man flu,52.4862442,-1.890401006,1356667260,12/27/2012 4:01
man flu,51.26014328,0.844280183,1356667260,12/27/2012 4:01
man flu,51.76590729,0.667366505,1356667260,12/27/2012 4:01
man flu,52.64864731,1.724421978,1356667260,12/27/2012 4:01
man flu,53.81750488,-3.03567481,1356670854,12/27/2012 5:00
man flu,53.38113022,-1.470085025,1356670854,12/27/2012 5:00
man flu,51.31687164,-0.621397614,1356670854,12/27/2012 5:00
man flu,54.99942398,-1.427405953,1356670854,12/27/2012 5:00
man flu,53.9690094,-2.627690792,1356674455,12/27/2012 6:00
man flu,51.58871078,0.081188001,1356674455,12/27/2012 6:00
man flu,51.89592743,0.891874015,1356677462,12/27/2012 6:51
man flu,52.13066101,-3.783711672,1356677462,12/27/2012 6:51
man flu,50.81787109,-0.372882009,1356682258,12/27/2012 8:10
man flu,51.45451355,-2.587909937,1356685259,12/27/2012 9:00
man flu,53.61042023,-0.961439788,1356746460,12/28/2012 2:01
man flu,51.59011078,-0.262863487,1356759065,12/28/2012 5:31
man flu,51.47896957,-3.705163002,1356760258,12/28/2012 5:50
man flu,51.46962738,-2.589483976,1356760859,12/28/2012 6:00
man flu,56.11698532,-3.942226887,1356760859,12/28/2012 6:00
man flu,51.50733566,-0.127683103,1356760859,12/28/2012 6:00
man flu,51.86424637,-2.23815608,1356760859,12/28/2012 6:00
man flu,51.68088531,-4.160247803,1356760859,12/28/2012 6:00
man flu,51.58871078,0.081188001,1356760859,12/28/2012 6:00
man flu,55.63973618,-2.678481102,1356760859,12/28/2012 6:00
man flu,51.37580109,-2.359903812,1356760859,12/28/2012 6:00
man flu,51.74677277,-2.225785494,1356760859,12/28/2012 6:00
man flu,53.3886528,-6.252363205,1356765061,12/28/2012 7:11
man flu,53.47925186,-2.247925997,1356768694,12/28/2012 8:11
man flu,52.95773315,-1.149139047,1356779468,12/28/2012 11:11
man flu,51.651371,-3.017839909,1356781266,12/28/2012 11:41
man flu,54.11953735,-9.137136459,1356785473,12/28/2012 12:51
man flu,51.29325485,1.104707956,1356786083,12/28/2012 13:01
man flu,53.98096085,-1.082128048,1356804669,12/28/2012 18:11
man flu,53.4834671,-2.240427732,1356813062,12/28/2012 20:31
man flu,52.95773315,-1.149139047,1356941445,12/30/2012 8:10
man flu,55.95269012,-3.202814102,1356961252,12/30/2012 13:40
man flu,53.92548752,-1.822816968,1356961854,12/30/2012 13:50
man flu,51.12636948,1.316197991,1356968452,12/30/2012 15:40
man flu,53.50754166,-2.391199112,1356968452,12/30/2012 15:40
man flu,53.33300018,-1.990053058,1356972657,12/30/2012 16:50
man flu,53.81081772,-1.762609959,1356976858,12/30/2012 18:00
man flu,54.97825241,-1.61777997,1356977456,12/30/2012 18:10
man flu,50.37191772,-4.136019707,1356980458,12/30/2012 19:00
man flu,54.71363068,-6.214280128,1356980458,12/30/2012 19:00
man flu,53.76320267,-2.703089952,1356980458,12/30/2012 19:00
man flu,52.25272751,-7.125608444,1356980458,12/30/2012 19:00
man flu,54.59728622,-5.930119991,1356994852,12/30/2012 23:00
man flu,55.95269012,-3.202814102,1357008647,12/31/2012 2:50
man flu,52.1917305,-1.708297968,1357012847,12/31/2012 4:00
man flu,51.20462418,-3.458667994,1357018243,12/31/2012 5:30
man flu,53.91666031,-3.035672903,1357020044,12/31/2012 6:00
man flu,53.40837097,-2.991572618,1357023644,12/31/2012 7:00
man flu,53.45630646,-2.737095118,1357023644,12/31/2012 7:00
man flu,51.52021027,-0.114179,1357026644,12/31/2012 7:50
man flu,51.45451355,-2.587909937,1357038058,12/31/2012 11:00
man flu,51.81527328,1.017652988,1357045851,12/31/2012 13:10
man flu,51.52021027,-0.114179,1357054251,12/31/2012 15:30
man flu,52.4862442,-1.890401006,1357066852,12/31/2012 19:00
man flu,51.20462418,-3.458667994,1357102845,1/1/2013 5:00
man flu,55.9342308,-3.228868961,1357108243,1/1/2013 6:30
man flu,50.92801285,-0.461707503,1357124448,1/1/2013 11:00
man flu,51.62144089,-3.943645954,1357124448,1/1/2013 11:00
man flu,51.20462418,-3.458667994,1357124448,1/1/2013 11:00
man flu,55.86133575,-4.302990437,1357129854,1/1/2013 12:30
man flu,54.53623962,-1.049543977,1357131652,1/1/2013 13:00
man flu,51.90376282,-0.196612,1357131652,1/1/2013 13:00
man flu,51.87866974,-0.420025498,1357135253,1/1/2013 14:00
man flu,51.54698181,0.120993003,1357138853,1/1/2013 15:00
man flu,54.95900726,-1.46250999,1357141252,1/1/2013 15:40
man flu,51.44076538,0.131814331,1357142458,1/1/2013 16:00
man flu,51.76590729,0.667366505,1357146056,1/1/2013 17:00
man flu,53.81750488,-3.03567481,1357146056,1/1/2013 17:00
man flu,55.86423874,-4.251805782,1357149656,1/1/2013 18:00
man flu,57.13260269,-2.111694813,1357175453,1/2/2013 1:10
man flu,53.55035019,-2.776370049,1357185647,1/2/2013 4:00
man flu,52.95478439,-1.158108592,1357200050,1/2/2013 8:00
man flu,51.50733566,-0.127683103,1357207253,1/2/2013 10:00
man flu,51.20462418,-3.458667994,1357207855,1/2/2013 10:10
man flu,51.86424637,-2.23815608,1357210853,1/2/2013 11:00
man flu,53.41291046,-8.243889809,1357214457,1/2/2013 12:00
man flu,54.6548996,-8.104096413,1357221062,1/2/2013 13:51
man flu,54.99661255,-7.308574677,1357224062,1/2/2013 14:41
man flu,54.372612,-2.976749897,1357232461,1/2/2013 17:01
man flu,54.14530945,-6.166383266,1357272050,1/3/2013 4:00
man flu,51.54592514,0.707712293,1357286452,1/3/2013 8:00
man flu,54.90686798,-1.383800983,1357286452,1/3/2013 8:00
man flu,52.47091675,-2.022738934,1357308059,1/3/2013 14:00
man flu,53.80127716,-1.548567057,1357308059,1/3/2013 14:00
man flu,54.59728622,-5.930119991,1357311658,1/3/2013 15:00
man flu,51.37580109,-2.359903812,1357329659,1/3/2013 20:00
man flu,53.47925186,-2.247925997,1357333257,1/3/2013 21:00
man flu,53.40837097,-2.991572618,1357333257,1/3/2013 21:00
man flu,53.12850571,-0.903099895,1357365647,1/4/2013 6:00
man flu,52.19522095,-1.710865974,1357371050,1/4/2013 7:30
man flu,55.08613586,-1.580800056,1357372849,1/4/2013 8:00
man flu,53.52249146,-0.718631029,1357375252,1/4/2013 8:40
man flu,51.51800537,-0.150168002,1357390853,1/4/2013 13:00
man flu,55.85679245,-4.245938778,1357391454,1/4/2013 13:10
man flu,53.41094589,-2.990675926,1357395659,1/4/2013 14:20
man flu,53.40419388,-2.820193052,1357401659,1/4/2013 16:00
man flu,52.67295837,-0.30581829,1357402257,1/4/2013 16:10
man flu,53.06645584,-2.916539907,1357408864,1/4/2013 18:01
man flu,51.10784149,-0.851397991,1357413656,1/4/2013 19:20
man flu,51.50733566,-0.127683103,1357448451,1/5/2013 5:00
man flu,51.50733566,-0.127683103,1357448451,1/5/2013 5:00
man flu,52.42572021,-2.128812075,1357450247,1/5/2013 5:30
man flu,52.65382385,1.268373013,1357450845,1/5/2013 5:40
man flu,53.48801804,-2.923351049,1357455644,1/5/2013 7:00
man flu,51.50029755,-3.207317114,1357466451,1/5/2013 10:00
man flu,51.34060287,1.424607277,1357470661,1/5/2013 11:11
man flu,56.06445313,-3.764667034,1357474856,1/5/2013 12:20
man flu,53.25556946,-1.919206977,1357475458,1/5/2013 12:30
man flu,52.35551834,-1.174319744,1357480858,1/5/2013 14:00
man flu,51.49682617,-0.203755006,1357485658,1/5/2013 15:20
man flu,51.45451355,-2.587909937,1357488058,1/5/2013 16:00
man flu,51.4580574,-2.116073847,1357498857,1/5/2013 19:00
man flu,52.29827881,-1.928509951,1357536045,1/6/2013 5:20
man flu,51.46724319,-2.51845789,1357536650,1/6/2013 5:30
man flu,53.54544067,-2.63747406,1357538449,1/6/2013 6:00
man flu,51.49063492,-0.224992007,1357545645,1/6/2013 8:00
man flu,52.95478439,-1.158108592,1357549250,1/6/2013 9:00
man flu,51.81011581,-0.194698006,1357551657,1/6/2013 9:40
man flu,56.46201706,-2.970721006,1357556456,1/6/2013 11:00
man flu,51.29442596,0.408784002,1357556456,1/6/2013 11:00
man flu,55.97743607,-3.22348094,1357570263,1/6/2013 14:51
man flu,51.44902802,0.272911996,1357571458,1/6/2013 15:10
man flu,52.26713562,-1.467521548,1357574458,1/6/2013 16:00
man flu,51.53953552,-0.139299005,1357574458,1/6/2013 16:00
man flu,51.50733566,-0.127683103,1357577459,1/6/2013 16:50
man flu,52.35551834,-1.174319744,1357585258,1/6/2013 19:00
man flu,53.45225143,-6.180168152,1357599658,1/6/2013 23:00
man flu,51.50733566,-0.127683103,1357614050,1/7/2013 3:00
man flu,51.76120377,-1.246467352,1357624852,1/7/2013 6:00
man flu,52.53691483,-2.176000118,1357638055,1/7/2013 9:40
man flu,53.80850983,-1.576725006,1357638657,1/7/2013 9:50
man flu,53.95211411,-1.096345305,1357650059,1/7/2013 13:00
man flu,51.49655914,-0.531664014,1357650657,1/7/2013 13:10
man flu,53.06645584,-2.916539907,1357665662,1/7/2013 17:21
man flu,50.7973671,-1.133381009,1357678859,1/7/2013 21:00
man flu,54.29513168,-7.465089798,1357700449,1/8/2013 3:00
man flu,53.39953613,-1.428857803,1357718452,1/8/2013 8:00
man flu,54.90686798,-1.383800983,1357722054,1/8/2013 9:00
man flu,54.54539108,-3.589935064,1357728059,1/8/2013 10:40
man flu,53.84396362,-2.986280918,1357729260,1/8/2013 11:01
man flu,51.86424637,-2.23815608,1357736466,1/8/2013 13:01
man flu,52.48139191,-1.468868971,1357783252,1/9/2013 2:00
man flu,54.54539108,-3.589935064,1357786850,1/9/2013 3:00
man flu,51.37162781,-0.457904011,1357786850,1/9/2013 3:00
man flu,50.56119537,-4.923293114,1357798848,1/9/2013 6:20
man flu,53.38113022,-1.470085025,1357801250,1/9/2013 7:00
man flu,51.17922974,-2.806909084,1357801250,1/9/2013 7:00
man flu,52.41125488,0.73080498,1357819257,1/9/2013 12:00
man flu,51.87866974,-0.420025498,1357819257,1/9/2013 12:00
man flu,54.59728622,-5.930119991,1357819257,1/9/2013 12:00
man flu,51.69387817,-2.216293097,1357830058,1/9/2013 15:00
man flu,56.46201706,-2.970721006,1357830058,1/9/2013 15:00
man flu,52.4447403,-2.078052998,1357841464,1/9/2013 18:11
man flu,53.6457901,-1.785035014,1357866053,1/10/2013 1:00
man flu,53.81750488,-3.03567481,1357873249,1/10/2013 3:00
man flu,55.37805176,-3.435972929,1357880444,1/10/2013 5:00
man flu,51.39866638,-0.179707006,1357881645,1/10/2013 5:20
man flu,54.97825241,-1.61777997,1357884050,1/10/2013 6:00
man flu,51.76590729,0.667366505,1357884050,1/10/2013 6:00
man flu,51.2517128,-0.556766987,1357884648,1/10/2013 6:10
man flu,54.05635452,-2.868746996,1357891253,1/10/2013 8:00
man flu,52.4447403,-2.078052998,1357897260,1/10/2013 9:41
man flu,51.38596725,0.358038992,1357899056,1/10/2013 10:10
man flu,53.82411575,-3.051215649,1357912859,1/10/2013 14:00
man flu,56.46201706,-2.970721006,1357912859,1/10/2013 14:00
man flu,52.91155243,-1.51238203,1357918266,1/10/2013 15:31
man flu,53.34944153,-6.260082722,1357920058,1/10/2013 16:00
man flu,53.68471146,-1.329658031,1357921866,1/10/2013 16:31
man flu,53.4834671,-2.240427732,1357938061,1/10/2013 21:01
man flu,53.38113022,-1.470085025,1357952452,1/11/2013 1:00
man flu,51.2517128,-0.556766987,1357954851,1/11/2013 1:40
man flu,55.86423874,-4.251805782,1357959651,1/11/2013 3:00
man flu,53.79598236,-1.759397984,1357963245,1/11/2013 4:00
man flu,51.62326431,-0.271670014,1357966248,1/11/2013 4:50
man flu,52.54545593,-1.376670003,1357970445,1/11/2013 6:00
man flu,53.72763062,-7.793257236,1357970445,1/11/2013 6:00
man flu,52.58697128,-2.128819942,1357981256,1/11/2013 9:00
man flu,52.02741241,-1.143151999,1357981256,1/11/2013 9:00
man flu,51.50733566,-0.127683103,1357987858,1/11/2013 10:50
man flu,52.35551834,-1.174319744,1357992058,1/11/2013 12:00
man flu,51.73558807,0.468549699,1357992058,1/11/2013 12:00
man flu,51.76590729,0.667366505,1357999256,1/11/2013 14:00
man flu,51.33554459,1.419895053,1358002856,1/11/2013 15:00
man flu,51.62834549,0.814539015,1358010061,1/11/2013 17:01
man flu,53.83630371,-1.565274835,1358056246,1/12/2013 5:50
man flu,54.97825241,-1.61777997,1358056848,1/12/2013 6:00
man flu,53.12232208,-1.513682127,1358060447,1/12/2013 7:00
man flu,55.84640884,-4.06325388,1358062247,1/12/2013 7:30
man flu,53.83630371,-1.565274835,1358070053,1/12/2013 9:40
man flu,51.87866974,-0.420025498,1358082059,1/12/2013 13:00
man flu,51.84650803,-2.160832882,1358082059,1/12/2013 13:00
man flu,52.4068222,-1.519693017,1358085660,1/12/2013 14:01
man flu,51.65772629,-0.272307992,1358096455,1/12/2013 17:00
man flu,51.74573517,-2.21775794,1358136046,1/13/2013 4:00
man flu,53.31188583,-6.60882473,1358136046,1/13/2013 4:00
man flu,52.6714859,-1.830737948,1358142048,1/13/2013 5:40
man flu,52.508358,-2.040082932,1358146244,1/13/2013 6:50
man flu,56.26689911,-5.495518208,1358169658,1/13/2013 13:20
man flu,51.62047577,0.307174891,1358175658,1/13/2013 15:00
man flu,51.30712128,-2.209003925,1358245866,1/14/2013 10:31
man flu,50.78356552,-1.085559011,1358258460,1/14/2013 14:01
man flu,55.75664139,-3.858647108,1358263867,1/14/2013 15:31
man flu,51.37616348,-0.098233998,1358305254,1/15/2013 3:00
man flu,52.63108444,1.290525675,1358322652,1/15/2013 7:50
man flu,50.39020157,-3.920430899,1358323252,1/15/2013 8:00
man flu,52.63108444,1.290525675,1358347261,1/15/2013 14:41
man flu,54.12007523,-3.231312037,1358347261,1/15/2013 14:41
man flu,51.2517128,-0.556766987,1358353267,1/15/2013 16:21
man flu,53.27981186,-2.897403955,1358369461,1/15/2013 20:51
man flu,53.80127716,-1.548567057,1358384452,1/16/2013 1:00
man flu,50.74960327,-1.865935445,1358406050,1/16/2013 7:00
man flu,51.5607605,-0.285095006,1358430059,1/16/2013 13:40
man flu,51.4608078,0.149077997,1358437260,1/16/2013 15:41
man flu,51.51982117,-0.104817003,1358438463,1/16/2013 16:01
man flu,51.93435669,-8.566961288,1358449259,1/16/2013 19:00
man flu,53.36979675,-2.72727704,1358499655,1/17/2013 9:00
man flu,51.50733566,-0.127683103,1358524859,1/17/2013 16:00
man flu,51.4851532,-2.767947912,1358528458,1/17/2013 17:00
man flu,51.50733566,-0.127683103,1358574647,1/18/2013 5:50
man flu,53.2326355,-2.6103158,1358578851,1/18/2013 7:00
man flu,51.44152832,-0.132201999,1358589057,1/18/2013 9:50
man flu,51.34310913,-0.261545002,1358657448,1/19/2013 4:50
man flu,54.97825241,-1.61777997,1358669453,1/19/2013 8:10
man flu,50.94206238,-2.633307934,1358787664,1/20/2013 17:01
man flu,53.39253616,-1.442684054,1358839850,1/21/2013 7:30
man flu,53.3976059,-2.943664312,1358841652,1/21/2013 8:00
man flu,54.22212601,-5.888422966,1358853662,1/21/2013 11:21
man flu,51.44733429,0.0886022,1358858465,1/21/2013 12:41
man flu,52.95478439,-1.158108592,1358877056,1/21/2013 17:50
man flu,50.50363159,-4.652498245,1358881257,1/21/2013 19:00
man flu,53.50899124,-2.192682028,1358909449,1/22/2013 2:50
man flu,51.45288467,-0.973905981,1358920843,1/22/2013 6:00
man flu,52.42572021,-2.128812075,1358956869,1/22/2013 16:01
man flu,51.40900421,-0.194106996,1358958072,1/22/2013 16:21
man flu,53.00165558,-1.273576617,1358996450,1/23/2013 3:00
man flu,51.80631256,-2.598122597,1359035457,1/23/2013 13:50
man flu,51.10046768,-0.194133893,1359036058,1/23/2013 14:00
man flu,53.47925186,-2.247925997,1359050460,1/23/2013 18:01
man flu,55.86423874,-4.251805782,1359082849,1/24/2013 3:00
man flu,52.4862442,-1.890401006,1359090043,1/24/2013 5:00
man flu,50.84692383,-0.152006298,1359093646,1/24/2013 6:00
man flu,51.50733566,-0.127683103,1359100855,1/24/2013 8:00
man flu,51.60198975,0.034637,1359105057,1/24/2013 9:10
man flu,51.50733566,-0.127683103,1359133260,1/24/2013 17:01
man flu,53.55263138,-1.479725957,1359175843,1/25/2013 4:50
man flu,51.50733566,-0.127683103,1359180049,1/25/2013 6:00
man flu,52.53474045,-1.368216991,1359214271,1/25/2013 15:31
man flu,50.74909973,-1.325590968,1359216663,1/25/2013 16:11
man flu,53.4609108,-2.367814779,1359222064,1/25/2013 17:41
man flu,51.63674927,-0.132309005,1359226257,1/25/2013 18:50
man flu,53.47925186,-2.247925997,1359255649,1/26/2013 3:00
man flu,53.6457901,-1.785035014,1359273051,1/26/2013 7:50
man flu,53.47925186,-2.247925997,1359287463,1/26/2013 11:51
man flu,55.18414307,-1.713448048,1359304257,1/26/2013 16:30
man flu,51.50733566,-0.127683103,1359355845,1/27/2013 6:50
man flu,51.8959465,-2.073172092,1359359448,1/27/2013 7:50
man flu,55.76933289,-4.070686817,1359383468,1/27/2013 14:31
man flu,51.20012665,0.253324002,1359390664,1/27/2013 16:31
man flu,52.35551834,-1.174319744,1359391858,1/27/2013 16:50
man flu,51.4808197,-0.478787988,1359396064,1/27/2013 18:01
man flu,51.8959465,-2.073172092,1359432047,1/28/2013 4:00
man flu,51.50733566,-0.127683103,1359432047,1/28/2013 4:00
man flu,51.58055878,-0.341995001,1359438645,1/28/2013 5:50
man flu,52.53474045,-1.368216991,1359451870,1/28/2013 9:31
man flu,51.50733566,-0.127683103,1359475270,1/28/2013 16:01
man flu,51.75324249,-0.448632002,1359511250,1/29/2013 2:00
man flu,53.06718445,-2.524101973,1359522043,1/29/2013 5:00
man flu,51.50733566,-0.127683103,1359522043,1/29/2013 5:00
man flu,55.9058609,-4.462657928,1359524448,1/29/2013 5:40
man flu,52.58697128,-2.128819942,1359528653,1/29/2013 6:50
man flu,51.52157974,-0.277060002,1359549656,1/29/2013 12:40
man flu,50.81787109,-0.372882009,1359564662,1/29/2013 16:51
man flu,53.34980392,-6.260309696,1359601251,1/30/2013 3:00
man flu,51.25495529,-1.077270031,1359602446,1/30/2013 3:20
man flu,53.04386139,-7.251331806,1359611448,1/30/2013 5:50
man flu,51.4254303,-0.159723997,1359618059,1/30/2013 7:40
man flu,50.9623909,-0.152893007,1359621659,1/30/2013 8:40
man flu,50.93618393,-3.943331718,1359625862,1/30/2013 9:51
man flu,53.40837097,-2.991572618,1359625862,1/30/2013 9:51
man flu,51.62144089,-3.943645954,1359644458,1/30/2013 15:00
man flu,51.45830154,0.042461,1359650473,1/30/2013 16:41
man flu,51.76590729,0.667366505,1359654660,1/30/2013 17:51
man flu,51.55617905,-0.27760601,1359690648,1/31/2013 3:50
man flu,53.52281952,-1.128461957,1359691243,1/31/2013 4:00
man flu,51.42204285,-0.375589997,1359746459,1/31/2013 19:20
man flu,51.53145981,-0.138458997,1359772249,2/1/2013 2:30
man flu,51.46523666,-2.607827902,1359787251,2/1/2013 6:40
man flu,51.48129654,-2.206253052,1359804059,2/1/2013 11:20
man flu,53.52281952,-1.128461957,1359806460,2/1/2013 12:01
man flu,51.54135132,-0.250367999,1359813060,2/1/2013 13:51
man flu,52.586483,-2.703750134,1359813655,2/1/2013 14:00
man flu,52.47179794,-2.082587004,1359813655,2/1/2013 14:00
man flu,51.57520676,-4.189102173,1359821457,2/1/2013 16:10
man flu,51.07094955,-1.312538981,1359823856,2/1/2013 16:50
man flu,51.80862045,0.630730987,1359827457,2/1/2013 17:50
man flu,51.52056885,-0.081092998,1359870642,2/2/2013 5:50
man flu,51.51028061,-0.089965001,1359877248,2/2/2013 7:40
man flu,51.25495529,-1.077270031,1359889258,2/2/2013 11:00
man flu,54.9740448,-2.017504931,1359892858,2/2/2013 12:00
man flu,53.82980347,-1.586645007,1359896468,2/2/2013 13:01
man flu,55.37805176,-3.435972929,1359903659,2/2/2013 15:00
man flu,51.50733566,-0.127683103,1359954047,2/3/2013 5:00
man flu,56.1168251,-3.158137083,1359961243,2/3/2013 7:00
man flu,52.76855469,-2.375586987,1359972055,2/3/2013 10:00
man flu,53.34980392,-6.260309696,1359979256,2/3/2013 12:00
man flu,52.44914627,-1.886468053,1360035650,2/4/2013 3:40
man flu,53.58444214,-2.428618908,1360036846,2/4/2013 4:00
man flu,51.49110031,-0.242027,1360056053,2/4/2013 9:20
man flu,51.72912979,-2.530503988,1360065660,2/4/2013 12:01
man flu,51.86424637,-2.23815608,1360080059,2/4/2013 16:00
man flu,50.78299713,-0.673061013,1360123247,2/5/2013 4:00
man flu,50.81666565,-1.083333254,1360130449,2/5/2013 6:00
man flu,52.78497696,0.120428696,1360144860,2/5/2013 10:01
man flu,51.05499649,-1.307114005,1360149662,2/5/2013 11:21
man flu,53.53352356,-2.496887922,1360212044,2/6/2013 4:40
man flu,51.23111725,-0.169568002,1360214444,2/6/2013 5:20
man flu,52.01984406,-2.124747038,1360215045,2/6/2013 5:30
man flu,51.10913849,-0.187227502,1360216844,2/6/2013 6:00
man flu,51.45288467,-0.973905981,1360220455,2/6/2013 7:00
man flu,50.82252884,-0.137162998,1360224055,2/6/2013 8:00
man flu,52.35551834,-1.174319744,1360224055,2/6/2013 8:00
man flu,53.34980392,-6.260309696,1360227654,2/6/2013 9:00
man flu,51.50518036,-0.291925997,1360237260,2/6/2013 11:41
man flu,54.92548752,-1.59028995,1360244457,2/6/2013 13:40
man flu,51.05499649,-1.307114005,1360244457,2/6/2013 13:40
man flu,52.13066101,-3.783711672,1360254665,2/6/2013 16:31
man flu,53.74567032,-0.336741298,1360254665,2/6/2013 16:31
man flu,51.66884995,-3.369210005,1360279258,2/6/2013 23:20
man flu,51.51490402,-0.147503898,1360296046,2/7/2013 4:00
man flu,51.61425781,-0.713057995,1360297846,2/7/2013 4:30
man flu,53.25908279,-1.914829969,1360310454,2/7/2013 8:00
man flu,50.82252884,-0.137162998,1360310454,2/7/2013 8:00
man flu,51.7125473,-3.83285594,1360319463,2/7/2013 10:31
man flu,53.47444916,-2.240847111,1360378254,2/8/2013 2:50
man flu,53.29364014,-0.929207981,1360387851,2/8/2013 5:30
man flu,51.50733566,-0.127683103,1360423867,2/8/2013 15:31
man flu,54.92548752,-1.59028995,1360430464,2/8/2013 17:21
man flu,53.40419388,-2.820193052,1360471853,2/9/2013 4:50
man flu,52.51225662,-2.081111908,1360472452,2/9/2013 5:00
man flu,53.85734177,-2.162818909,1360496465,2/9/2013 11:41
man flu,51.50733566,-0.127683103,1360500668,2/9/2013 12:51
man flu,53.33651352,-3.407613039,1360504260,2/9/2013 13:51
man flu,50.7191658,-1.880769014,1360504260,2/9/2013 13:51
man flu,52.06885529,1.181149006,1360510263,2/9/2013 15:31
man flu,51.81560516,-0.808399975,1360513868,2/9/2013 16:31
man flu,50.81666565,-1.083333254,1360513868,2/9/2013 16:31
man flu,55.85250854,-4.044836044,1360521673,2/9/2013 18:41
man flu,53.33834076,-6.399578094,1360546858,2/10/2013 1:40
man flu,52.62710953,1.305688977,1360551059,2/10/2013 2:50
man flu,53.00251007,-1.20132196,1360555256,2/10/2013 4:00
man flu,53.51987457,-1.388324022,1360556457,2/10/2013 4:20
man flu,53.40837097,-2.991572618,1360558858,2/10/2013 5:00
man flu,53.40419388,-2.820193052,1360563653,2/10/2013 6:20
man flu,50.54908371,-3.598421097,1360566052,2/10/2013 7:00
man flu,53.40419388,-2.820193052,1360572657,2/10/2013 8:50
man flu,50.9623909,-0.152893007,1360623675,2/10/2013 23:01
man flu,54.92548752,-1.59028995,1360639259,2/11/2013 3:20
man flu,51.319664,-2.208853006,1360641650,2/11/2013 4:00
man flu,52.39154816,-1.997609019,1360645252,2/11/2013 5:00
man flu,51.50733566,-0.127683103,1360645252,2/11/2013 5:00
man flu,56.19844437,-3.202814102,1360677670,2/11/2013 14:01
man flu,51.38444519,-2.366951942,1360690267,2/11/2013 17:31
man flu,51.62141418,-0.380755007,1360696869,2/11/2013 19:21
man flu,51.50733566,-0.127683103,1360724457,2/12/2013 3:00
man flu,53.47925186,-2.247925997,1360728052,2/12/2013 4:00
man flu,52.33042526,-2.23930192,1360739458,2/12/2013 7:10
man flu,51.40094757,-0.56001699,1360743060,2/12/2013 8:11
man flu,51.86127853,-2.250219107,1360753273,2/12/2013 11:01
man flu,51.4387207,-0.163993999,1360755063,2/12/2013 11:31
man flu,53.53468704,-1.174782991,1360771268,2/12/2013 16:01
man flu,51.4587822,0.053966299,1360774268,2/12/2013 16:51
man flu,51.46724319,-2.51845789,1360775469,2/12/2013 17:11
man flu,53.47925186,-2.247925997,1360779068,2/12/2013 18:11
man flu,53.34673691,-1.369966984,1360812657,2/13/2013 3:30
man flu,52.12663269,-2.314661026,1360819852,2/13/2013 5:30
man flu,50.9097023,-1.404350877,1360825258,2/13/2013 7:00
man flu,54.92548752,-1.59028995,1360827058,2/13/2013 7:30
man flu,50.83860397,-1.089787006,1360850465,2/13/2013 14:01
man flu,51.51709747,-0.146083802,1360870264,2/13/2013 19:31
man flu,51.38009644,0.563193023,1360891260,2/14/2013 1:21
man flu,51.55374527,-0.305299997,1360918260,2/14/2013 8:51
man flu,52.56774521,1.720688224,1360977657,2/15/2013 1:20
man flu,53.03670883,-1.209267974,1360983658,2/15/2013 3:00
man flu,53.40938568,-2.990076065,1360987254,2/15/2013 4:00
man flu,51.70727539,-0.418325901,1361001658,2/15/2013 8:00
man flu,51.33049774,1.399868846,1361008263,2/15/2013 9:51
man flu,51.54344177,-0.042847,1361014864,2/15/2013 11:41
man flu,51.37580109,-2.359903812,1361084455,2/16/2013 7:00
man flu,51.61742401,-0.267284989,1361087454,2/16/2013 7:50
man flu,55.37805176,-3.435972929,1361099463,2/16/2013 11:11
man flu,51.48106003,-0.209176004,1361128263,2/16/2013 19:11
man flu,53.81750488,-3.03567481,1361160060,2/17/2013 4:01
man flu,52.04062271,-0.759417117,1361166653,2/17/2013 5:50
man flu,53.50648499,-2.277806044,1361259658,2/18/2013 7:40
man flu,52.57038498,-1.824041963,1361260857,2/18/2013 8:00
man flu,52.17927551,-0.711408019,1361290267,2/18/2013 16:11
man flu,51.98664856,0.214100003,1361335255,2/19/2013 4:40
man flu,51.51709747,-0.146083802,1361336452,2/19/2013 5:00
man flu,50.53048325,-4.983142853,1361347260,2/19/2013 8:01
man flu,53.01571655,-2.229027987,1361371267,2/19/2013 14:41
man flu,52.24872589,0.705932975,1361384466,2/19/2013 18:21
man flu,55.84471893,-4.199282169,1361385665,2/19/2013 18:41
man flu,53.80127716,-1.548567057,1361412055,2/20/2013 2:00
man flu,52.30897141,-1.940935969,1361430056,2/20/2013 7:00
man flu,53.74773026,-2.89724493,1361438462,2/20/2013 9:21
man flu,51.48057938,-0.015819,1361469071,2/20/2013 17:51
man flu,50.7191658,-1.880769014,1361498458,2/21/2013 2:00
man flu,55.8587532,-4.253881931,1361502063,2/21/2013 3:01
man flu,53.86283112,-0.660489976,1361512852,2/21/2013 6:00
man flu,51.40504837,-2.352788925,1361514662,2/21/2013 6:31
man flu,57.15079117,-2.094721079,1361514662,2/21/2013 6:31
man flu,51.37580109,-2.359903812,1361520059,2/21/2013 8:00
man flu,51.51667023,-0.173636004,1361527272,2/21/2013 10:01
man flu,51.44733429,0.0886022,1361533869,2/21/2013 11:51
man flu,50.50363159,-4.652498245,1361539267,2/21/2013 13:21
man flu,51.4847641,-0.175203994,1361553676,2/21/2013 17:21
man flu,51.51709747,-0.146083802,1361592055,2/22/2013 4:00
man flu,51.90270615,-2.073360682,1361592055,2/22/2013 4:00
man flu,51.54306793,0.0098782,1361595653,2/22/2013 5:00
man flu,52.76979446,-2.104524374,1361595653,2/22/2013 5:00
man flu,53.80127716,-1.548567057,1361595653,2/22/2013 5:00
man flu,51.63042068,-0.09725,1361609470,2/22/2013 8:51
man flu,51.31217575,-2.215949059,1361626265,2/22/2013 13:31
man flu,51.45451355,-2.587909937,1361637665,2/22/2013 16:41
man flu,53.40675354,-2.15884304,1361640667,2/22/2013 17:31
man flu,53.55263138,-1.479725957,1361674854,2/23/2013 3:00
man flu,52.35551834,-1.174319744,1361692854,2/23/2013 8:00
man flu,53.40837097,-2.991572618,1361692854,2/23/2013 8:00
man flu,51.49837112,-0.117674001,1361698262,2/23/2013 9:31
man flu,51.17283249,-1.780362964,1361755192,2/24/2013 1:19
man flu,52.39246368,0.274145991,1361782197,2/24/2013 8:49
man flu,55.16754913,-1.583243251,1361789402,2/24/2013 10:50
man flu,53.41811371,-2.215327978,1361805600,2/24/2013 15:20
man flu,51.49124908,-0.215672001,1361849986,2/25/2013 3:39
man flu,54.97825241,-1.61777997,1361861993,2/25/2013 6:59
man flu,50.70080185,-1.29163301,1361871602,2/25/2013 9:40
man flu,52.85714722,-3.056411982,1361886001,2/25/2013 13:40
man flu,51.11903763,-0.837617993,1361895002,2/25/2013 16:10
man flu,51.46388245,-0.190002993,1361937588,2/26/2013 3:59
man flu,53.47925186,-2.247925997,1361944793,2/26/2013 5:59
man flu,51.44076538,0.131814331,1361951996,2/26/2013 7:59
man flu,51.51136017,-0.290535986,1361986202,2/26/2013 17:30
man flu,50.92801285,-0.461707503,1362031189,2/27/2013 5:59
man flu,51.54161072,-3.264765263,1362032390,2/27/2013 6:19
man flu,51.55577469,-1.779717565,1362038392,2/27/2013 7:59
man flu,55.86423874,-4.251805782,1362041995,2/27/2013 8:59
man flu,53.40419388,-2.820193052,1362061200,2/27/2013 14:20
man flu,52.35551834,-1.174319744,1362064199,2/27/2013 15:09
man flu,53.52281952,-1.128461957,1362067210,2/27/2013 16:00
man flu,53.5638237,-0.008725,1362110984,2/28/2013 4:09
man flu,53.40419388,-2.820193052,1362113992,2/28/2013 4:59
man flu,51.37580109,-2.359903812,1362113992,2/28/2013 4:59
man flu,53.47925186,-2.247925997,1362113992,2/28/2013 4:59
man flu,52.63687897,-1.139759183,1362113992,2/28/2013 4:59
man flu,51.44076538,0.131814331,1362117587,2/28/2013 5:59
man flu,53.9690094,-2.627690792,1362117587,2/28/2013 5:59
man flu,52.54849243,-0.241855502,1362137397,2/28/2013 11:29
man flu,51.5614624,-3.331365108,1362147606,2/28/2013 14:20
man flu,51.51121521,-0.119824402,1362153599,2/28/2013 15:59
